[
    {
        "number": 3,
        "title": "rrrrrrr",
        "body": "rrrrrrrgergsdfvdfbsdb",
        "state": "open",
        "created_at": "2023-10-24T15:22:42+00:00",
        "updated_at": "2023-10-24T15:22:42+00:00",
        "closed_at": null,
        "user": "erasmolpa",
        "labels": []
    },
    {
        "number": 2,
        "title": "tttttttt",
        "body": null,
        "state": "open",
        "created_at": "2023-10-24T15:22:33+00:00",
        "updated_at": "2023-10-24T15:22:33+00:00",
        "closed_at": null,
        "user": "erasmolpa",
        "labels": []
    },
    {
        "number": 1,
        "title": "satsdfsdfgsdfhgdsg",
        "body": null,
        "state": "open",
        "created_at": "2023-10-24T15:22:25+00:00",
        "updated_at": "2023-10-24T15:22:25+00:00",
        "closed_at": null,
        "user": "erasmolpa",
        "labels": []
    }
]